mel	output	text
mels/LJ018-0239.pt	01_his_dissapearance_gave_color_and_substance	His disappearance gave color and substance to evil reports already in circulation that the will and conveyance above referred to
mels/LJ018-0239.pt	02_his_dissapearance_gave_color_and_substance	His disappearance gave color and substance to evil reports already in circulation that the will and conveyance above referred to
mels/LJ018-0239.pt	03_his_dissapearance_gave_color_and_substance	His disappearance gave color and substance to evil reports already in circulation that the will and conveyance above referred to
mels/LJ018-0239.pt	04_his_dissapearance_gave_color_and_substance	His disappearance gave color and substance to evil reports already in circulation that the will and conveyance above referred to
mels/LJ018-0239.pt	05_his_dissapearance_gave_color_and_substance	His disappearance gave color and substance to evil reports already in circulation that the will and conveyance above referred to
mels/LJ018-0239.pt	06_his_dissapearance_gave_color_and_substance	His disappearance gave color and substance to evil reports already in circulation that the will and conveyance above referred to
mels/LJ018-0239.pt	07_his_dissapearance_gave_color_and_substance	His disappearance gave color and substance to evil reports already in circulation that the will and conveyance above referred to
mels/LJ018-0239.pt	08_his_dissapearance_gave_color_and_substance	His disappearance gave color and substance to evil reports already in circulation that the will and conveyance above referred to
mels/LJ018-0239.pt	09_his_dissapearance_gave_color_and_substance	His disappearance gave color and substance to evil reports already in circulation that the will and conveyance above referred to
mels/LJ018-0239.pt	10_his_dissapearance_gave_color_and_substance	His disappearance gave color and substance to evil reports already in circulation that the will and conveyance above referred to
mels/LJ018-0239.pt	11_his_dissapearance_gave_color_and_substance	His disappearance gave color and substance to evil reports already in circulation that the will and conveyance above referred to
mels/LJ018-0239.pt	12_his_dissapearance_gave_color_and_substance	His disappearance gave color and substance to evil reports already in circulation that the will and conveyance above referred to
mels/LJ018-0239.pt	13_his_dissapearance_gave_color_and_substance	His disappearance gave color and substance to evil reports already in circulation that the will and conveyance above referred to
mels/LJ018-0239.pt	14_his_dissapearance_gave_color_and_substance	His disappearance gave color and substance to evil reports already in circulation that the will and conveyance above referred to
mels/LJ018-0239.pt	15_his_dissapearance_gave_color_and_substance	His disappearance gave color and substance to evil reports already in circulation that the will and conveyance above referred to
mels/LJ018-0239.pt	16_his_dissapearance_gave_color_and_substance	His disappearance gave color and substance to evil reports already in circulation that the will and conveyance above referred to
